{"cameraMode":{"drawMode":0,"name":"Shaded","section":"Shading Mode"},"sceneLighting":false,"audioPlay":false,"sceneViewState":{"showFog":true,"showMaterialUpdate":false,"showSkybox":false,"showFlares":true,"showImageEffects":true,"showParticleSystems":true},"in2DMode":false,"pivot":{"x":0.06983661651611328,"y":0.05275440216064453,"z":37.130271911621097},"rotation":{"x":0.03990061953663826,"y":0.7903269529342651,"z":-0.05175723508000374,"w":0.6092034578323364},"size":7.56400728225708,"orthographic":true}