{"cameraMode":{"drawMode":0,"name":"Shaded","section":"Shading Mode"},"sceneLighting":false,"audioPlay":false,"sceneViewState":{"showFog":true,"showMaterialUpdate":false,"showSkybox":false,"showFlares":true,"showImageEffects":true,"showParticleSystems":true},"in2DMode":false,"pivot":{"x":-1.7711578607559205,"y":-2.4171903133392336,"z":7.636129856109619},"rotation":{"x":0.02094913087785244,"y":-0.9627336263656616,"z":0.07815241813659668,"w":0.2580655813217163},"size":4.335965156555176,"orthographic":false}