{"cameraMode":{"drawMode":0,"name":"Shaded","section":"Shading Mode"},"sceneLighting":false,"audioPlay":false,"sceneViewState":{"showFog":true,"showMaterialUpdate":false,"showSkybox":false,"showFlares":true,"showImageEffects":true,"showParticleSystems":true},"in2DMode":false,"pivot":{"x":0.0,"y":1.5209501214030753e-7,"z":1.2758655548095704},"rotation":{"x":0.03671357035636902,"y":0.9135351181030273,"z":-0.08464851975440979,"w":0.39617782831192019},"size":7.641687870025635,"orthographic":true}