{"cameraMode":{"drawMode":0,"name":"Shaded","section":"Shading Mode"},"sceneLighting":false,"audioPlay":false,"sceneViewState":{"showFog":true,"showMaterialUpdate":false,"showSkybox":false,"showFlares":true,"showImageEffects":true,"showParticleSystems":true},"in2DMode":false,"pivot":{"x":0.8999999761581421,"y":-1.100000023841858,"z":3.0250000953674318},"rotation":{"x":0.3200923800468445,"y":0.36657774448394778,"z":-0.13597482442855836,"w":0.8629443645477295},"size":1.4579522609710694,"orthographic":true}