{"cameraMode":{"drawMode":0,"name":"Shaded","section":"Shading Mode"},"sceneLighting":false,"audioPlay":false,"sceneViewState":{"showFog":true,"showMaterialUpdate":false,"showSkybox":false,"showFlares":true,"showImageEffects":true,"showParticleSystems":true},"in2DMode":false,"pivot":{"x":-5.288122653961182,"y":1.3038618564605713,"z":-1.0054540634155274},"rotation":{"x":0.06502809375524521,"y":0.09922242164611817,"z":-0.006496751215308905,"w":0.9929214715957642},"size":12.292954444885254,"orthographic":true}