{"cameraMode":{"drawMode":0,"name":"Shaded","section":"Shading Mode"},"sceneLighting":false,"audioPlay":false,"sceneViewState":{"showFog":true,"showMaterialUpdate":false,"showSkybox":true,"showFlares":true,"showImageEffects":true,"showParticleSystems":true},"in2DMode":false,"pivot":{"x":1027.3692626953125,"y":533.031005859375,"z":-7.241354465484619},"rotation":{"x":0.0006000159191899002,"y":-0.01080272439867258,"z":-0.000006406235570466379,"w":-0.9999468922615051},"size":793.9691162109375,"orthographic":false}