{"cameraMode":{"drawMode":0,"name":"Shaded","section":"Shading Mode"},"sceneLighting":false,"audioPlay":false,"sceneViewState":{"showFog":true,"showMaterialUpdate":false,"showSkybox":false,"showFlares":true,"showImageEffects":true,"showParticleSystems":true},"in2DMode":false,"pivot":{"x":13.762499809265137,"y":6.640000343322754,"z":12.125000953674317},"rotation":{"x":0.004872569348663092,"y":-0.29552799463272097,"z":-0.0015152284177020193,"w":-0.9553341865539551},"size":19.896312713623048,"orthographic":true}