{"cameraMode":{"drawMode":0,"name":"Shaded","section":"Shading Mode"},"sceneLighting":false,"audioPlay":false,"sceneViewState":{"showFog":true,"showMaterialUpdate":false,"showSkybox":false,"showFlares":true,"showImageEffects":true,"showParticleSystems":true},"in2DMode":false,"pivot":{"x":0.0,"y":4.769843258145556e-7,"z":-0.07121849060058594},"rotation":{"x":0.03990061953663826,"y":0.7903269529342651,"z":-0.05175723508000374,"w":0.6092034578323364},"size":24.117136001586915,"orthographic":true}