{"cameraMode":{"drawMode":0,"name":"Shaded","section":"Shading Mode"},"sceneLighting":false,"audioPlay":false,"sceneViewState":{"showFog":true,"showMaterialUpdate":false,"showSkybox":false,"showFlares":true,"showImageEffects":true,"showParticleSystems":true},"in2DMode":false,"pivot":{"x":0.0,"y":-1.5209501214030753e-7,"z":44.71685028076172},"rotation":{"x":0.03990061953663826,"y":0.7903269529342651,"z":-0.05175723508000374,"w":0.6092034578323364},"size":12.461819648742676,"orthographic":true}