{"cameraMode":{"drawMode":0,"name":"Shaded","section":"Shading Mode"},"sceneLighting":false,"audioPlay":false,"sceneViewState":{"showFog":true,"showMaterialUpdate":false,"showSkybox":false,"showFlares":true,"showImageEffects":true,"showParticleSystems":true},"in2DMode":false,"pivot":{"x":-2.5870819091796877,"y":0.7102890014648438,"z":9.626102447509766},"rotation":{"x":0.03990061953663826,"y":0.7903269529342651,"z":-0.05175723508000374,"w":0.6092034578323364},"size":52.539615631103519,"orthographic":true}